"","Electorate","Religious_Affiliation","Religious_Fraction"
"1","Banks","Buddhism",0.0429187579425696
"2","Barton","Buddhism",0.051194677466011
"3","Bennelong","Buddhism",0.043427563510666
"4","Berowra","Buddhism",0.0272365229853379
"5","Blaxland","Buddhism",0.0820172475004867
"6","Bradfield","Buddhism",0.0315809179120776
"7","Calare","Buddhism",0.00601991345211968
"8","Chifley","Buddhism",0.0135008087638468
"9","Cook","Buddhism",0.0145043218132919
"10","Cowper","Buddhism",0.00935846498578342
"11","Cunningham","Buddhism",0.0139271463508817
"12","Dobell","Buddhism",0.00836648990374318
"13","Eden-Monaro","Buddhism",0.0084252907843722
"14","Farrer","Buddhism",0.00586656909379193
"15","Fowler","Buddhism",0.198106371966999
"16","Gilmore","Buddhism",0.00875455343135952
"17","Grayndler","Buddhism",0.0325590416886826
"18","Greenway","Buddhism",0.0207506453338978
"19","Hughes","Buddhism",0.0137293903208145
"20","Hume","Buddhism",0.00703650352157087
"21","Hunter","Buddhism",0.00677313196765224
"22","Kingsford Smith","Buddhism",0.0312985848681896
"23","Lindsay","Buddhism",0.0108270080707148
"24","Lyne","Buddhism",0.00679131152048392
"25","Macarthur","Buddhism",0.0224112284513354
"26","Mackellar","Buddhism",0.0148977545705961
"27","Macquarie","Buddhism",0.0100255233704989
"28","McMahon","Buddhism",0.0543173217939201
"29","Mitchell","Buddhism",0.0293713220679183
"30","New England","Buddhism",0.0058696103357028
"31","Newcastle","Buddhism",0.0122002249130423
"32","North Sydney","Buddhism",0.031202407042829
"33","Page","Buddhism",0.00945904328533628
"34","Parkes","Buddhism",0.00440270795804096
"35","Parramatta","Buddhism",0.0341884929154143
"36","Paterson","Buddhism",0.0067658737807934
"37","Reid","Buddhism",0.0493032694227089
"38","Richmond","Buddhism",0.0144722816241915
"39","Riverina","Buddhism",0.00435834729416598
"40","Robertson","Buddhism",0.0116279882322523
"41","Shortland","Buddhism",0.00809097327002672
"42","Sydney","Buddhism",0.0724144649092571
"43","Warringah","Buddhism",0.0152443783809466
"44","Watson","Buddhism",0.0501985057721131
"45","Wentworth","Buddhism",0.0132923144386053
"46","Werriwa","Buddhism",0.075186210205431
"47","Whitlam","Buddhism",0.00824139742579459
"48","Aston","Buddhism",0.041273949036157
"49","Ballarat","Buddhism",0.00771605937222866
"50","Batman","Buddhism",0.0284384184139685
"51","Bendigo","Buddhism",0.00957249503094442
"52","Bruce","Buddhism",0.0841851844775207
"53","Calwell","Buddhism",0.0271090528759537
"54","Casey","Buddhism",0.0103456004931146
"55","Chisholm","Buddhism",0.0592520965986146
"56","Corangamite","Buddhism",0.00801361791279298
"57","Corio","Buddhism",0.0101524874261243
"58","Deakin","Buddhism",0.0325686291877602
"59","Dunkley","Buddhism",0.00993298310573094
"60","Flinders","Buddhism",0.00800010423588581
"61","Gellibrand","Buddhism",0.0527210576766562
"62","Gippsland","Buddhism",0.00719414400872526
"63","Goldstein","Buddhism",0.0147398511112466
"64","Gorton","Buddhism",0.0557495942308878
"65","Higgins","Buddhism",0.0250418988969872
"66","Holt","Buddhism",0.0517501901292879
"67","Hotham","Buddhism",0.091722742956862
"68","Indi","Buddhism",0.00691239308618021
"69","Isaacs","Buddhism",0.0532920695349629
"70","Jagajaga","Buddhism",0.0150034323890135
"71","Kooyong","Buddhism",0.0337760232188667
"72","La Trobe","Buddhism",0.0263816774440162
"73","Lalor","Buddhism",0.0276059470900383
"74","Mallee","Buddhism",0.00893269452782267
"75","Maribyrnong","Buddhism",0.0825035903783868
"76","McEwen","Buddhism",0.0161591404591248
"77","McMillan","Buddhism",0.0101417575062153
"78","Melbourne","Buddhism",0.0589089758524974
"79","Melbourne Ports","Buddhism",0.0224394675760272
"80","Menzies","Buddhism",0.0356854618824299
"81","Murray","Buddhism",0.00657650344647304
"82","Scullin","Buddhism",0.0348641987068812
"83","Wannon","Buddhism",0.00537481685255509
"84","Wills","Buddhism",0.0207840895024433
"85","Blair","Buddhism",0.00819478118462887
"86","Bonner","Buddhism",0.0201622604186158
"87","Bowman","Buddhism",0.00889055166315217
"88","Brisbane","Buddhism",0.0195989895415106
"89","Capricornia","Buddhism",0.0071656050955414
"90","Dawson","Buddhism",0.00846378740091995
"91","Dickson","Buddhism",0.00811807108612542
"92","Fadden","Buddhism",0.0136792452830189
"93","Fairfax","Buddhism",0.011853019946176
"94","Fisher","Buddhism",0.0120143258707533
"95","Flynn","Buddhism",0.00781410784111957
"96","Forde","Buddhism",0.0139726226002489
"97","Griffith","Buddhism",0.0225568203449195
"98","Groom","Buddhism",0.00830948638372765
"99","Herbert","Buddhism",0.00837510468880861
"100","Hinkler","Buddhism",0.00858054136441898
"101","Kennedy","Buddhism",0.00675701764546894
"102","Leichhardt","Buddhism",0.0167912042815861
"103","Lilley","Buddhism",0.013728077232502
"104","Longman","Buddhism",0.00868650136368731
"105","Maranoa","Buddhism",0.00450872938244476
"106","McPherson","Buddhism",0.0155890250097308
"107","Moncrieff","Buddhism",0.0202757350653875
"108","Moreton","Buddhism",0.0435627028360673
"109","Oxley","Buddhism",0.0501874908092741
"110","Petrie","Buddhism",0.0110983168777715
"111","Rankin","Buddhism",0.0286097002846459
"112","Ryan","Buddhism",0.0179209393044049
"113","Wide Bay","Buddhism",0.0096878513234049
"114","Wright","Buddhism",0.00956295505538971
"115","Adelaide","Buddhism",0.0295089389508205
"116","Barker","Buddhism",0.00660860724271247
"117","Boothby","Buddhism",0.0125277709207603
"118","Grey","Buddhism",0.00550422919889079
"119","Hindmarsh","Buddhism",0.0159610692726275
"120","Kingston","Buddhism",0.00914081726478622
"121","Makin","Buddhism",0.0176640158380877
"122","Mayo","Buddhism",0.00902633809941083
"123","Port Adelaide","Buddhism",0.0560616890590359
"124","Sturt","Buddhism",0.0237590839612775
"125","Wakefield","Buddhism",0.0139169619289944
"126","Brand","Buddhism",0.0107357755546208
"127","Burt","Buddhism",0.0335756563160982
"128","Canning","Buddhism",0.0105671179777974
"129","Cowan","Buddhism",0.0428703113774079
"130","Curtin","Buddhism",0.0210712438673245
"131","Durack","Buddhism",0.0112013379987236
"132","Forrest","Buddhism",0.01004953711223
"133","Fremantle","Buddhism",0.0169620287204862
"134","Hasluck","Buddhism",0.0160207761825853
"135","Moore","Buddhism",0.0112150465570591
"136","O'Connor","Buddhism",0.00783633886248345
"137","Pearce","Buddhism",0.0121036734648966
"138","Perth","Buddhism",0.0323650298830491
"139","Stirling","Buddhism",0.0332382831504406
"140","Swan","Buddhism",0.0355877991691278
"141","Tangney","Buddhism",0.0400476337493936
"142","Bass","Buddhism",0.00872867146661406
"143","Braddon","Buddhism",0.00600671763275567
"144","Denison","Buddhism",0.0130248700925195
"145","Franklin","Buddhism",0.00687436570093637
"146","Lyons","Buddhism",0.00486909477345184
"147","Solomon","Buddhism",0.0294689800210305
"148","Banks","Anglican",0.112325584380576
"149","Barton","Anglican",0.0470986404396876
"150","Bennelong","Anglican",0.0893055851504605
"151","Berowra","Anglican",0.169709789438871
"152","Blaxland","Anglican",0.0437944501070811
"153","Bradfield","Anglican",0.165036972325356
"154","Calare","Anglican",0.220325112524644
"155","Chifley","Anglican",0.103165565930312
"156","Cook","Anglican",0.177834347269563
"157","Cowper","Anglican",0.211723501609957
"158","Cunningham","Anglican",0.151859956236324
"159","Dobell","Anglican",0.23012066179
"160","Eden-Monaro","Anglican",0.203657511590706
"161","Farrer","Anglican",0.177241126966703
"162","Fowler","Anglican",0.0400462751545042
"163","Gilmore","Anglican",0.234245792230583
"164","Grayndler","Anglican",0.0740805147378489
"165","Greenway","Anglican",0.106005280271893
"166","Hughes","Anglican",0.195434163380438
"167","Hume","Anglican",0.260569691256812
"168","Hunter","Anglican",0.251422230158933
"169","Kingsford Smith","Anglican",0.0836028552298596
"170","Lindsay","Anglican",0.188196579554189
"171","Lyne","Anglican",0.280203464393731
"172","Macarthur","Anglican",0.162482949320133
"173","Mackellar","Anglican",0.188900028934212
"174","Macquarie","Anglican",0.204717227921578
"175","McMahon","Anglican",0.0760442505114881
"176","Mitchell","Anglican",0.142516406102353
"177","New England","Anglican",0.290743527214238
"178","Newcastle","Anglican",0.165964903104323
"179","North Sydney","Anglican",0.12580018077585
"180","Page","Anglican",0.203699397260963
"181","Parkes","Anglican",0.247208475050238
"182","Parramatta","Anglican",0.0618720480893087
"183","Paterson","Anglican",0.246848375033733
"184","Reid","Anglican",0.0584294198415193
"185","Richmond","Anglican",0.175289216744162
"186","Riverina","Anglican",0.230960312722651
"187","Robertson","Anglican",0.209527403338854
"188","Shortland","Anglican",0.221813097825335
"189","Sydney","Anglican",0.0556995918693582
"190","Warringah","Anglican",0.168970970522558
"191","Watson","Anglican",0.0351532556090752
"192","Wentworth","Anglican",0.105975374959746
"193","Werriwa","Anglican",0.0670415250220878
"194","Whitlam","Anglican",0.218216443393748
"195","Aston","Anglican",0.0916716905115499
"196","Ballarat","Anglican",0.110504068408822
"197","Batman","Anglican",0.0384591637647872
"198","Bendigo","Anglican",0.12765320977724
"199","Bruce","Anglican",0.0512448172421041
"200","Calwell","Anglican",0.0423624294161034
"201","Casey","Anglican",0.111735287113178
"202","Chisholm","Anglican",0.0619826920387027
"203","Corangamite","Anglican",0.115922482650255
"204","Corio","Anglican",0.104499913283616
"205","Deakin","Anglican",0.0889300728365368
"206","Dunkley","Anglican",0.138727020583272
"207","Flinders","Anglican",0.158868519459537
"208","Gellibrand","Anglican",0.0518227800787349
"209","Gippsland","Anglican",0.167304048716031
"210","Goldstein","Anglican",0.116875639280077
"211","Gorton","Anglican",0.0530119368027448
"212","Higgins","Anglican",0.100498889192033
"213","Holt","Anglican",0.066275067045591
"214","Hotham","Anglican",0.0606351053000357
"215","Indi","Anglican",0.159177646362255
"216","Isaacs","Anglican",0.0901458519797799
"217","Jagajaga","Anglican",0.0929080473598913
"218","Kooyong","Anglican",0.0948424679674551
"219","La Trobe","Anglican",0.103602713980824
"220","Lalor","Anglican",0.0663853193608042
"221","Mallee","Anglican",0.124502135765412
"222","Maribyrnong","Anglican",0.0409333181105296
"223","McEwen","Anglican",0.0996860319857883
"224","McMillan","Anglican",0.142139988525531
"225","Melbourne","Anglican",0.0391815640985076
"226","Melbourne Ports","Anglican",0.0621472442267842
"227","Menzies","Anglican",0.0789035518231723
"228","Murray","Anglican",0.14252989007058
"229","Scullin","Anglican",0.0511234416489051
"230","Wannon","Anglican",0.121243608527943
"231","Wills","Anglican",0.0379725197319171
"232","Blair","Anglican",0.157677569585271
"233","Bonner","Anglican",0.130376380015504
"234","Bowman","Anglican",0.179069451057751
"235","Brisbane","Anglican",0.104951002526146
"236","Capricornia","Anglican",0.17401804670913
"237","Dawson","Anglican",0.161413318150122
"238","Dickson","Anglican",0.154626343038087
"239","Fadden","Anglican",0.171727594339623
"240","Fairfax","Anglican",0.159556375152317
"241","Fisher","Anglican",0.174093574761354
"242","Flynn","Anglican",0.191854033751801
"243","Forde","Anglican",0.154598944049101
"244","Griffith","Anglican",0.105531655689649
"245","Groom","Anglican",0.188713339513388
"246","Herbert","Anglican",0.150139376742209
"247","Hinkler","Anglican",0.197112534929013
"248","Kennedy","Anglican",0.158918619766529
"249","Leichhardt","Anglican",0.151873193919601
"250","Lilley","Anglican",0.119813354786806
"251","Longman","Anglican",0.172503331382243
"252","Maranoa","Anglican",0.221912558787668
"253","McPherson","Anglican",0.161609964309511
"254","Moncrieff","Anglican",0.148437791630893
"255","Moreton","Anglican",0.0860246344996869
"256","Oxley","Anglican",0.106600166658497
"257","Petrie","Anglican",0.146721954087758
"258","Rankin","Anglican",0.105653848300497
"259","Ryan","Anglican",0.128517080895274
"260","Wide Bay","Anglican",0.175852544795903
"261","Wright","Anglican",0.178116430256269
"262","Adelaide","Anglican",0.0815273919800296
"263","Barker","Anglican",0.0945806745060267
"264","Boothby","Anglican",0.110425409363943
"265","Grey","Anglican",0.108196424341234
"266","Hindmarsh","Anglican",0.0887247674272528
"267","Kingston","Anglican",0.116058631040917
"268","Makin","Anglican",0.105435647736317
"269","Mayo","Anglican",0.122122721152408
"270","Port Adelaide","Anglican",0.0735131991810329
"271","Sturt","Anglican",0.0841959185862541
"272","Wakefield","Anglican",0.119860652034338
"273","Brand","Anglican",0.164676189256909
"274","Burt","Anglican",0.121842839622474
"275","Canning","Anglican",0.204644601045069
"276","Cowan","Anglican",0.122110913798479
"277","Curtin","Anglican",0.16054680401996
"278","Durack","Anglican",0.138811865936049
"279","Forrest","Anglican",0.184593416707271
"280","Fremantle","Anglican",0.115063464744796
"281","Hasluck","Anglican",0.146735270772701
"282","Moore","Anglican",0.18549387557216
"283","O'Connor","Anglican",0.161927547449831
"284","Pearce","Anglican",0.168653686393821
"285","Perth","Anglican",0.0934217580366539
"286","Stirling","Anglican",0.0956740904913779
"287","Swan","Anglican",0.100770823886962
"288","Tangney","Anglican",0.134300710095709
"289","Bass","Anglican",0.205000493145281
"290","Braddon","Anglican",0.18673370561932
"291","Denison","Anglican",0.169206321351623
"292","Franklin","Anglican",0.203425693659882
"293","Lyons","Anglican",0.253038353782243
"294","Solomon","Anglican",0.0815632667367683
"295","Banks","Catholic",0.241152458827003
"296","Barton","Catholic",0.205316748625976
"297","Bennelong","Catholic",0.233343987499112
"298","Berowra","Catholic",0.23652298533789
"299","Blaxland","Catholic",0.192030188852114
"300","Bradfield","Catholic",0.189273345605441
"301","Calare","Catholic",0.282074173269352
"302","Chifley","Catholic",0.307616394840262
"303","Cook","Catholic",0.284153830665459
"304","Cowper","Catholic",0.21300393545107
"305","Cunningham","Catholic",0.251905007079418
"306","Dobell","Catholic",0.252915939169322
"307","Eden-Monaro","Catholic",0.23781281349131
"308","Farrer","Catholic",0.283101597755824
"309","Fowler","Catholic",0.26676408804457
"310","Gilmore","Catholic",0.213173708420857
"311","Grayndler","Catholic",0.227023737066342
"312","Greenway","Catholic",0.267594536270999
"313","Hughes","Catholic",0.291720089542515
"314","Hume","Catholic",0.300438785738468
"315","Hunter","Catholic",0.208028266027195
"316","Kingsford Smith","Catholic",0.273085259705625
"317","Lindsay","Catholic",0.308704842428901
"318","Lyne","Catholic",0.202124003299423
"319","Macarthur","Catholic",0.296333100847442
"320","Mackellar","Catholic",0.240934507748313
"321","Macquarie","Catholic",0.23282121621335
"322","McMahon","Catholic",0.360799792387126
"323","Mitchell","Catholic",0.289535937021421
"324","New England","Catholic",0.225717324754838
"325","Newcastle","Catholic",0.221787797159819
"326","North Sydney","Catholic",0.242091056548172
"327","Page","Catholic",0.206031161419674
"328","Parkes","Catholic",0.27086083670961
"329","Parramatta","Catholic",0.211464147702877
"330","Paterson","Catholic",0.235584769394862
"331","Reid","Catholic",0.2674927073511
"332","Richmond","Catholic",0.202880069058877
"333","Riverina","Catholic",0.303280635201838
"334","Robertson","Catholic",0.239009664367623
"335","Shortland","Catholic",0.226782574992041
"336","Sydney","Catholic",0.150688626792753
"337","Warringah","Catholic",0.240387421690999
"338","Watson","Catholic",0.233670468977037
"339","Wentworth","Catholic",0.200638579229731
"340","Werriwa","Catholic",0.291394835848317
"341","Whitlam","Catholic",0.262549251379039
"342","Aston","Catholic",0.218698995721155
"343","Ballarat","Catholic",0.245586893056194
"344","Batman","Catholic",0.236743967795313
"345","Bendigo","Catholic",0.208188471791054
"346","Bruce","Catholic",0.193597900784022
"347","Calwell","Catholic",0.339921163682091
"348","Casey","Catholic",0.190101284619587
"349","Chisholm","Catholic",0.183108013598244
"350","Corangamite","Catholic",0.229520754222862
"351","Corio","Catholic",0.265478874554745
"352","Deakin","Catholic",0.190485599623894
"353","Dunkley","Catholic",0.20372862598288
"354","Flinders","Catholic",0.200256680868806
"355","Gellibrand","Catholic",0.240569592399004
"356","Gippsland","Catholic",0.202974138835094
"357","Goldstein","Catholic",0.210462855710676
"358","Gorton","Catholic",0.321980358720441
"359","Higgins","Catholic",0.189603876784763
"360","Holt","Catholic",0.231772605371653
"361","Hotham","Catholic",0.226140585132402
"362","Indi","Catholic",0.229521411298089
"363","Isaacs","Catholic",0.241342796273652
"364","Jagajaga","Catholic",0.256466691672387
"365","Kooyong","Catholic",0.214918947172952
"366","La Trobe","Catholic",0.222915936673781
"367","Lalor","Catholic",0.240590743127611
"368","Mallee","Catholic",0.206144654814131
"369","Maribyrnong","Catholic",0.350060390464916
"370","McEwen","Catholic",0.287354356365571
"371","McMillan","Catholic",0.206504589787722
"372","Melbourne","Catholic",0.151620620059158
"373","Melbourne Ports","Catholic",0.158457737758169
"374","Menzies","Catholic",0.22621878067401
"375","Murray","Catholic",0.248510655861756
"376","Scullin","Catholic",0.280586547277425
"377","Wannon","Catholic",0.23256735340729
"378","Wills","Catholic",0.271142181798891
"379","Blair","Catholic",0.192567762076267
"380","Bonner","Catholic",0.236681012590553
"381","Bowman","Catholic",0.211420991769267
"382","Brisbane","Catholic",0.245945352257057
"383","Capricornia","Catholic",0.265644904458599
"384","Dawson","Catholic",0.270060711521115
"385","Dickson","Catholic",0.225418385003112
"386","Fadden","Catholic",0.199404481132075
"387","Fairfax","Catholic",0.179202804584818
"388","Fisher","Catholic",0.187163791504359
"389","Flynn","Catholic",0.215617925499074
"390","Forde","Catholic",0.18873612101149
"391","Griffith","Catholic",0.241132726742046
"392","Groom","Catholic",0.234472612953932
"393","Herbert","Catholic",0.268709608870111
"394","Hinkler","Catholic",0.185589488836829
"395","Kennedy","Catholic",0.269862414250228
"396","Leichhardt","Catholic",0.20109547503833
"397","Lilley","Catholic",0.281718423169751
"398","Longman","Catholic",0.192971094810516
"399","Maranoa","Catholic",0.238949258370962
"400","McPherson","Catholic",0.220865411891992
"401","Moncrieff","Catholic",0.212854778702701
"402","Moreton","Catholic",0.183746544274408
"403","Oxley","Catholic",0.203017008970149
"404","Petrie","Catholic",0.223362814513561
"405","Rankin","Catholic",0.177434838421611
"406","Ryan","Catholic",0.217787047229142
"407","Wide Bay","Catholic",0.166615775375092
"408","Wright","Catholic",0.19527988902881
"409","Adelaide","Catholic",0.184622067767159
"410","Barker","Catholic",0.139610172439165
"411","Boothby","Catholic",0.164458707040786
"412","Grey","Catholic",0.167056839875702
"413","Hindmarsh","Catholic",0.234959634495481
"414","Kingston","Catholic",0.145090191199935
"415","Makin","Catholic",0.184010754917633
"416","Mayo","Catholic",0.113958409027763
"417","Port Adelaide","Catholic",0.223883309305453
"418","Sturt","Catholic",0.259285082191413
"419","Wakefield","Catholic",0.152087841533303
"420","Brand","Catholic",0.18040492345959
"421","Burt","Catholic",0.184562426310707
"422","Canning","Catholic",0.181606503263274
"423","Cowan","Catholic",0.235383426642628
"424","Curtin","Catholic",0.216729798862223
"425","Durack","Catholic",0.222062674677054
"426","Forrest","Catholic",0.191617941638244
"427","Fremantle","Catholic",0.278021298338084
"428","Hasluck","Catholic",0.206132594377063
"429","Moore","Catholic",0.231181109098946
"430","O'Connor","Catholic",0.162157839857219
"431","Pearce","Catholic",0.193185631839263
"432","Perth","Catholic",0.248965841325312
"433","Stirling","Catholic",0.265426509541056
"434","Swan","Catholic",0.217895614024338
"435","Tangney","Catholic",0.231927843690733
"436","Bass","Catholic",0.143949107407042
"437","Braddon","Catholic",0.15259947660162
"438","Denison","Catholic",0.166096341142406
"439","Franklin","Catholic",0.169743216590391
"440","Lyons","Catholic",0.146633175538595
"441","Solomon","Catholic",0.22372940764108
"442","Banks","Hinduism",0.0315263853766864
"443","Barton","Hinduism",0.050627711888921
"444","Bennelong","Hinduism",0.0411073229632786
"445","Berowra","Hinduism",0.0319148936170213
"446","Blaxland","Hinduism",0.0295875946264759
"447","Bradfield","Hinduism",0.0310130729150417
"448","Calare","Hinduism",0.00362682736301752
"449","Chifley","Hinduism",0.069898218383757
"450","Cook","Hinduism",0.00659418101278566
"451","Cowper","Hinduism",0.00267384713879526
"452","Cunningham","Hinduism",0.00745269661475093
"453","Dobell","Hinduism",0.00320639721679529
"454","Eden-Monaro","Hinduism",0.00548355610986091
"455","Farrer","Hinduism",0.00940358580314673
"456","Fowler","Hinduism",0.0207507534934697
"457","Gilmore","Hinduism",0.00202079289531761
"458","Grayndler","Hinduism",0.0226936788105382
"459","Greenway","Hinduism",0.121405093286763
"460","Hughes","Hinduism",0.0163075494320426
"461","Hume","Hinduism",0.00313987374122926
"462","Hunter","Hinduism",0.00299114773336055
"463","Kingsford Smith","Hinduism",0.0133115446158036
"464","Lindsay","Hinduism",0.0184173232129131
"465","Lyne","Hinduism",0.00141600219961507
"466","Macarthur","Hinduism",0.0317435824635686
"467","Mackellar","Hinduism",0.00695093968899087
"468","Macquarie","Hinduism",0.00224124887760801
"469","McMahon","Hinduism",0.0266215229369979
"470","Mitchell","Hinduism",0.0479312344818148
"471","New England","Hinduism",0.00398874072536709
"472","Newcastle","Hinduism",0.00693699819546513
"473","North Sydney","Hinduism",0.0265715736166314
"474","Page","Hinduism",0.00199236991458578
"475","Parkes","Hinduism",0.00477989711840488
"476","Parramatta","Hinduism",0.16650386431945
"477","Paterson","Hinduism",0.00316126296310575
"478","Reid","Hinduism",0.0711619161055876
"479","Richmond","Hinduism",0.00498976542216816
"480","Riverina","Hinduism",0.00372288870488404
"481","Robertson","Hinduism",0.00434651963970008
"482","Shortland","Hinduism",0.00278235351116402
"483","Sydney","Hinduism",0.0139773504977995
"484","Warringah","Hinduism",0.00761540184480055
"485","Watson","Hinduism",0.0325675320069105
"486","Wentworth","Hinduism",0.00460434809419729
"487","Werriwa","Hinduism",0.0492542815182348
"488","Whitlam","Hinduism",0.00362490149724192
"489","Aston","Hinduism",0.0285403402490847
"490","Ballarat","Hinduism",0.00506851886615356
"491","Batman","Hinduism",0.0265738065249068
"492","Bendigo","Hinduism",0.00387553097433375
"493","Bruce","Hinduism",0.060887453745279
"494","Calwell","Hinduism",0.0219943653797323
"495","Casey","Hinduism",0.00455990922208369
"496","Chisholm","Hinduism",0.0363552328303929
"497","Corangamite","Hinduism",0.00540788267644363
"498","Corio","Hinduism",0.00644369438478061
"499","Deakin","Hinduism",0.0215511661340765
"500","Dunkley","Hinduism",0.00470689502052862
"501","Flinders","Hinduism",0.00174595108731058
"502","Gellibrand","Hinduism",0.028015409379465
"503","Gippsland","Hinduism",0.00330692917019149
"504","Goldstein","Hinduism",0.017381644279163
"505","Gorton","Hinduism",0.0272892568775296
"506","Higgins","Hinduism",0.0328110587104234
"507","Holt","Hinduism",0.0502341592282752
"508","Hotham","Hinduism",0.0325815364683174
"509","Indi","Hinduism",0.00424445189502293
"510","Isaacs","Hinduism",0.0243044612805224
"511","Jagajaga","Hinduism",0.0111676492027657
"512","Kooyong","Hinduism",0.025619158316082
"513","La Trobe","Hinduism",0.0182715892077852
"514","Lalor","Hinduism",0.0843481522034322
"515","Mallee","Hinduism",0.00375923574232279
"516","Maribyrnong","Hinduism",0.0264936875439408
"517","McEwen","Hinduism",0.0235262265414595
"518","McMillan","Hinduism",0.00633486326257411
"519","Melbourne","Hinduism",0.0263575479522323
"520","Melbourne Ports","Hinduism",0.0230306349137207
"521","Menzies","Hinduism",0.0133493292616425
"522","Murray","Hinduism",0.00482231058156653
"523","Scullin","Hinduism",0.0388947763237798
"524","Wannon","Hinduism",0.00201088419101157
"525","Wills","Hinduism",0.0286414891923913
"526","Blair","Hinduism",0.00614768518222353
"527","Bonner","Hinduism",0.0176962762971477
"528","Bowman","Hinduism",0.00430582953540576
"529","Brisbane","Hinduism",0.0203434094431495
"530","Capricornia","Hinduism",0.00490313163481953
"531","Dawson","Hinduism",0.00533544874706518
"532","Dickson","Hinduism",0.00792657488527326
"533","Fadden","Hinduism",0.00615566037735849
"534","Fairfax","Hinduism",0.00362953936779549
"535","Fisher","Hinduism",0.00388111239530271
"536","Flynn","Hinduism",0.00490713109693353
"537","Forde","Hinduism",0.00677185902934674
"538","Griffith","Hinduism",0.0195809697846474
"539","Groom","Hinduism",0.00813483266830572
"540","Herbert","Hinduism",0.00476255953199415
"541","Hinkler","Hinduism",0.00336588670298343
"542","Kennedy","Hinduism",0.00268350129348623
"543","Leichhardt","Hinduism",0.00751785419124646
"544","Lilley","Hinduism",0.02068543845535
"545","Longman","Hinduism",0.00311966823168985
"546","Maranoa","Hinduism",0.00239170340198036
"547","McPherson","Hinduism",0.00529749770749632
"548","Moncrieff","Hinduism",0.0110057610710864
"549","Moreton","Hinduism",0.0262287200055671
"550","Oxley","Hinduism",0.0236079113768933
"551","Petrie","Hinduism",0.0178050812161599
"552","Rankin","Hinduism",0.0204052017636881
"553","Ryan","Hinduism",0.0155198939162788
"554","Wide Bay","Hinduism",0.0017279906730142
"555","Wright","Hinduism",0.00274871034346095
"556","Adelaide","Hinduism",0.0305001162491893
"557","Barker","Hinduism",0.00186619576995625
"558","Boothby","Hinduism",0.0116843577717436
"559","Grey","Hinduism",0.00253612585872943
"560","Hindmarsh","Hinduism",0.0205497113916016
"561","Kingston","Hinduism",0.00461097438948536
"562","Makin","Hinduism",0.0172694013229619
"563","Mayo","Hinduism",0.00163143758860701
"564","Port Adelaide","Hinduism",0.0215402880922671
"565","Sturt","Hinduism",0.0271982515888552
"566","Wakefield","Hinduism",0.00805531115497111
"567","Brand","Hinduism",0.00944333693021441
"568","Burt","Hinduism",0.0361884786974992
"569","Canning","Hinduism",0.00537601271067464
"570","Cowan","Hinduism",0.0219536661741382
"571","Curtin","Hinduism",0.017402121800875
"572","Durack","Hinduism",0.00491846570277943
"573","Forrest","Hinduism",0.00332954360890044
"574","Fremantle","Hinduism",0.010581939439574
"575","Hasluck","Hinduism",0.0163967526770919
"576","Moore","Hinduism",0.00754324174022159
"577","O'Connor","Hinduism",0.00362070840503317
"578","Pearce","Hinduism",0.0139797428519556
"579","Perth","Hinduism",0.0205508011834085
"580","Stirling","Hinduism",0.0264203470457863
"581","Swan","Hinduism",0.0278305412923861
"582","Tangney","Hinduism",0.0256545965097987
"583","Bass","Hinduism",0.00647992898707959
"584","Braddon","Hinduism",0.00192668301428012
"585","Denison","Hinduism",0.0133758396459107
"586","Franklin","Hinduism",0.00245102732512494
"587","Lyons","Hinduism",0.000792193990918752
"588","Solomon","Hinduism",0.0260077111812128
"589","Banks","Islam",0.048464115630977
"590","Barton","Islam",0.0762857969337576
"591","Bennelong","Islam",0.0230248360442266
"592","Berowra","Islam",0.0119956454635652
"593","Blaxland","Islam",0.292022172085619
"594","Bradfield","Islam",0.0108639356026333
"595","Calare","Islam",0.0027154707435926
"596","Chifley","Islam",0.082745008729978
"597","Cook","Islam",0.0143964562569214
"598","Cowper","Islam",0.0031508715109747
"599","Cunningham","Islam",0.021997683099498
"600","Dobell","Islam",0.0031999065341702
"601","Eden-Monaro","Islam",0.00542933058590679
"602","Farrer","Islam",0.00562873521161117
"603","Fowler","Islam",0.0635857155904649
"604","Gilmore","Islam",0.00161530484724401
"605","Grayndler","Islam",0.0115575234260566
"606","Greenway","Islam",0.0488278149200021
"607","Hughes","Islam",0.0157808287534046
"608","Hume","Islam",0.00622000358463387
"609","Hunter","Islam",0.00264037347891528
"610","Kingsford Smith","Islam",0.0299935314744834
"611","Lindsay","Islam",0.0191018927747886
"612","Lyne","Islam",0.00107231234533957
"613","Macarthur","Islam",0.0630242505416098
"614","Mackellar","Islam",0.00436031841090618
"615","Macquarie","Islam",0.00279272336484279
"616","McMahon","Islam",0.114953558689866
"617","Mitchell","Islam",0.0282308780115869
"618","New England","Islam",0.00477351735588647
"619","Newcastle","Islam",0.0121871485733713
"620","North Sydney","Islam",0.0101903099191461
"621","Page","Islam",0.00169068614203021
"622","Parkes","Islam",0.00307604263538164
"623","Parramatta","Islam",0.0919278660369257
"624","Paterson","Islam",0.00260868447768482
"625","Reid","Islam",0.0275935085774785
"626","Richmond","Islam",0.00117713994232014
"627","Riverina","Islam",0.00575763994531205
"628","Robertson","Islam",0.00340314319056903
"629","Shortland","Islam",0.00199332788859512
"630","Sydney","Islam",0.0142770792432848
"631","Warringah","Islam",0.00426245308247304
"632","Watson","Islam",0.233973662231274
"633","Wentworth","Islam",0.00392602895532001
"634","Werriwa","Islam",0.127319216659158
"635","Whitlam","Islam",0.0125229839768847
"636","Aston","Islam",0.0123218985722478
"637","Ballarat","Islam",0.00331428053572238
"638","Batman","Islam",0.0431577387567608
"639","Bendigo","Islam",0.00331713543086199
"640","Bruce","Islam",0.079867015686799
"641","Calwell","Islam",0.177260800696468
"642","Casey","Islam",0.00239552834708544
"643","Chisholm","Islam",0.0195337918787591
"644","Corangamite","Islam",0.00551918292523242
"645","Corio","Islam",0.0125205117600758
"646","Deakin","Islam",0.0106154653293997
"647","Dunkley","Islam",0.00358653103886433
"648","Flinders","Islam",0.00166125943009029
"649","Gellibrand","Islam",0.0518951245832655
"650","Gippsland","Islam",0.00279655743779408
"651","Goldstein","Islam",0.00486360896042052
"652","Gorton","Islam",0.048445750210589
"653","Higgins","Islam",0.0100622312299437
"654","Holt","Islam",0.0941640315414482
"655","Hotham","Islam",0.0246823812482648
"656","Indi","Islam",0.00201878972485965
"657","Isaacs","Islam",0.0477769233678319
"658","Jagajaga","Islam",0.0187472133955174
"659","Kooyong","Islam",0.0116782096162972
"660","La Trobe","Islam",0.0229223075207849
"661","Lalor","Islam",0.0722824048728549
"662","Mallee","Islam",0.0102026090972062
"663","Maribyrnong","Islam",0.0324125540059008
"664","McEwen","Islam",0.0324227785931763
"665","McMillan","Islam",0.00539061005928476
"666","Melbourne","Islam",0.0405622432200505
"667","Melbourne Ports","Islam",0.011456200723091
"668","Menzies","Islam",0.0194132402661141
"669","Murray","Islam",0.0262165843457205
"670","Scullin","Islam",0.0784563542621721
"671","Wannon","Islam",0.00176419579583171
"672","Wills","Islam",0.094595311496089
"673","Blair","Islam",0.00387668805455511
"674","Bonner","Islam",0.0131251837793044
"675","Bowman","Islam",0.00276171689000748
"676","Brisbane","Islam",0.0125514076858304
"677","Capricornia","Islam",0.00390790870488323
"678","Dawson","Islam",0.00281486504641329
"679","Dickson","Islam",0.00242789826080415
"680","Fadden","Islam",0.0126120283018868
"681","Fairfax","Islam",0.00243055329297616
"682","Fisher","Islam",0.00156243311502076
"683","Flynn","Islam",0.00337003498662276
"684","Forde","Islam",0.012462395341251
"685","Griffith","Islam",0.014003629395566
"686","Groom","Islam",0.0106538766407373
"687","Herbert","Islam",0.00538131726646583
"688","Hinkler","Islam",0.00306246295407717
"689","Kennedy","Islam",0.00221372768575363
"690","Leichhardt","Islam",0.00312341478150346
"691","Lilley","Islam",0.00754947707160097
"692","Longman","Islam",0.00188051857479109
"693","Maranoa","Islam",0.00130639261452709
"694","McPherson","Islam",0.00383293420679373
"695","Moncrieff","Islam",0.00857317057996441
"696","Moreton","Islam",0.0433982197873108
"697","Oxley","Islam",0.0258688299593157
"698","Petrie","Islam",0.0053715363696499
"699","Rankin","Islam",0.0484288664396941
"700","Ryan","Islam",0.0134213931212946
"701","Wide Bay","Islam",0.000770309095199101
"702","Wright","Islam",0.00399521852247231
"703","Adelaide","Islam",0.0371446751752915
"704","Barker","Islam",0.00673569584353387
"705","Boothby","Islam",0.0163197015825996
"706","Grey","Islam",0.00216685478589245
"707","Hindmarsh","Islam",0.0194256924287405
"708","Kingston","Islam",0.00452308191578549
"709","Makin","Islam",0.0285125708132403
"710","Mayo","Islam",0.000983137062129988
"711","Port Adelaide","Islam",0.0334492325212314
"712","Sturt","Islam",0.0178729452146631
"713","Wakefield","Islam",0.0152010558105248
"714","Brand","Islam",0.00706573757399516
"715","Burt","Islam",0.0513203343938667
"716","Canning","Islam",0.00438983967839802
"717","Cowan","Islam",0.042287410700972
"718","Curtin","Islam",0.00953272856883273
"719","Durack","Islam",0.00826346251182852
"720","Forrest","Islam",0.00462887770017866
"721","Fremantle","Islam",0.00956677244124133
"722","Hasluck","Islam",0.0245846852241238
"723","Moore","Islam",0.00858418058149981
"724","O'Connor","Islam",0.00585966236574273
"725","Pearce","Islam",0.0116085231867872
"726","Perth","Islam",0.0214641701248933
"727","Stirling","Islam",0.0445902481215201
"728","Swan","Islam",0.0541169838604919
"729","Tangney","Islam",0.0182963583704553
"730","Bass","Islam",0.00712101785185916
"731","Braddon","Islam",0.00136001153949185
"732","Denison","Islam",0.0125861581507804
"733","Franklin","Islam",0.00245102732512494
"734","Lyons","Islam",0.000888803014201526
"735","Solomon","Islam",0.0171398527865405
"736","Banks","Judaism",0.00116170108981682
"737","Barton","Judaism",0.00152733584032398
"738","Bennelong","Judaism",0.00252148590098729
"739","Berowra","Judaism",0.00197056553852938
"740","Blaxland","Judaism",0.000217597947707777
"741","Bradfield","Judaism",0.0214033883498175
"742","Calare","Judaism",0.000309985244702352
"743","Chifley","Judaism",0.000221899105980181
"744","Cook","Judaism",0.00170427579065453
"745","Cowper","Judaism",0.000828516014837969
"746","Cunningham","Judaism",0.000656455142231947
"747","Dobell","Judaism",0.00081133532813646
"748","Eden-Monaro","Judaism",0.000752379144863487
"749","Farrer","Judaism",0.000286620319551165
"750","Fowler","Judaism",0.000121776722379517
"751","Gilmore","Judaism",0.000791034060996038
"752","Grayndler","Judaism",0.00438088995605733
"753","Greenway","Judaism",0.000646803906695596
"754","Hughes","Judaism",0.000935622258106994
"755","Hume","Judaism",0.000690373930418274
"756","Hunter","Judaism",0.000408173677899946
"757","Kingsford Smith","Judaism",0.0285522985962165
"758","Lindsay","Judaism",0.000498414681014604
"759","Lyne","Judaism",0.000481165795985703
"760","Macarthur","Judaism",0.000432053426492282
"761","Mackellar","Judaism",0.00318276328450405
"762","Macquarie","Judaism",0.0014988793755612
"763","McMahon","Judaism",0.00021726928717568
"764","Mitchell","Judaism",0.00113392723315238
"765","New England","Judaism",0.000337259378405023
"766","Newcastle","Judaism",0.000621126134372466
"767","North Sydney","Judaism",0.0110508524943353
"768","Page","Judaism",0.000465095816023179
"769","Parkes","Judaism",0.000234117409881055
"770","Parramatta","Judaism",0.000574280807213396
"771","Paterson","Judaism",0.000404795867226956
"772","Reid","Judaism",0.00147231550563285
"773","Richmond","Judaism",0.00275319953175989
"774","Riverina","Judaism",0.000211819529760644
"775","Robertson","Judaism",0.00149542637121514
"776","Shortland","Judaism",0.000456804307803048
"777","Sydney","Judaism",0.00845734610177789
"778","Warringah","Judaism",0.00475792931658216
"779","Watson","Judaism",0.0004919739597039
"780","Wentworth","Judaism",0.124797018136472
"781","Werriwa","Judaism",0.000122872405783195
"782","Whitlam","Judaism",0.000742054110848437
"783","Aston","Judaism",0.00108073931391433
"784","Ballarat","Judaism",0.000550222354563285
"785","Batman","Judaism",0.00174730186955126
"786","Bendigo","Judaism",0.000611576071421449
"787","Bruce","Judaism",0.00156676920725299
"788","Calwell","Judaism",0.000163234707326216
"789","Casey","Judaism",0.000742473698219464
"790","Chisholm","Judaism",0.00302858915181259
"791","Corangamite","Judaism",0.00045174806861333
"792","Corio","Judaism",0.000473604866790293
"793","Deakin","Judaism",0.00102884163333719
"794","Dunkley","Judaism",0.00172836638634795
"795","Flinders","Judaism",0.00104235885809587
"796","Gellibrand","Judaism",0.00094047855889747
"797","Gippsland","Judaism",0.000349569679724259
"798","Goldstein","Judaism",0.0676095836127538
"799","Gorton","Judaism",0.000323588026215766
"800","Higgins","Judaism",0.0376895194293955
"801","Holt","Judaism",0.000780530760917424
"802","Hotham","Judaism",0.0265001784746368
"803","Indi","Judaism",0.000499347281767404
"804","Isaacs","Judaism",0.0034981784260088
"805","Jagajaga","Judaism",0.00123141379041903
"806","Kooyong","Judaism",0.00782673883589296
"807","La Trobe","Judaism",0.00126779855381773
"808","Lalor","Judaism",0.000491423792670888
"809","Mallee","Judaism",0.000252539829138767
"810","Maribyrnong","Judaism",0.000474711117253646
"811","McEwen","Judaism",0.000451239959910892
"812","McMillan","Judaism",0.000430292598967298
"813","Melbourne","Judaism",0.00325514279002651
"814","Melbourne Ports","Judaism",0.0989365210735599
"815","Menzies","Judaism",0.00268295343003599
"816","Murray","Judaism",0.000192617255754441
"817","Scullin","Judaism",0.000297679292237715
"818","Wannon","Judaism",0.00038872110755614
"819","Wills","Judaism",0.00137931847520469
"820","Blair","Judaism",0.000441405075518651
"821","Bonner","Judaism",0.00114945601325884
"822","Bowman","Judaism",0.000721039385075845
"823","Brisbane","Judaism",0.00191596597634941
"824","Capricornia","Judaism",0.000159235668789809
"825","Dawson","Judaism",0.000390242654161842
"826","Dickson","Judaism",0.000636040952830382
"827","Fadden","Judaism",0.00170990566037736
"828","Fairfax","Judaism",0.0010816939588044
"829","Fisher","Judaism",0.000606423811766049
"830","Flynn","Judaism",0.00030870549495781
"831","Forde","Judaism",0.000658459084923099
"832","Griffith","Judaism",0.00154820370299869
"833","Groom","Judaism",0.00037617723321645
"834","Herbert","Judaism",0.000387504843810548
"835","Hinkler","Judaism",0.000451607440232578
"836","Kennedy","Judaism",0.000283151215619651
"837","Leichhardt","Judaism",0.00103163882381775
"838","Lilley","Judaism",0.000778761061946903
"839","Longman","Judaism",0.000460789319650796
"840","Maranoa","Judaism",0.000341671914568622
"841","McPherson","Judaism",0.0018933771382957
"842","Moncrieff","Judaism",0.00342180248111787
"843","Moreton","Judaism",0.000967919479221363
"844","Oxley","Judaism",0.000943581197000147
"845","Petrie","Judaism",0.00061248989391675
"846","Rankin","Judaism",0.000524641402020428
"847","Ryan","Judaism",0.00239460826912307
"848","Wide Bay","Judaism",0.000721731044150509
"849","Wright","Judaism",0.000779866655586594
"850","Adelaide","Judaism",0.00108295297414373
"851","Barker","Judaism",0.000173910716913486
"852","Boothby","Judaism",0.00107655174305384
"853","Grey","Judaism",0.000160249710853783
"854","Hindmarsh","Judaism",0.000674411377716655
"855","Kingston","Judaism",0.000365091813830219
"856","Makin","Judaism",0.000468186712861089
"857","Mayo","Judaism",0.000719542342573397
"858","Port Adelaide","Judaism",0.000296814993397381
"859","Sturt","Judaism",0.00150840685420075
"860","Wakefield","Judaism",0.00023779516324638
"861","Brand","Judaism",0.000384073742158494
"862","Burt","Judaism",0.000385109874809667
"863","Canning","Judaism",0.000561570754490854
"864","Cowan","Judaism",0.00132169339424419
"865","Curtin","Judaism",0.00369707728219393
"866","Durack","Judaism",0.000368609845734029
"867","Forrest","Judaism",0.000609062855286666
"868","Fremantle","Judaism",0.00123702468671005
"869","Hasluck","Judaism",0.000744990461337084
"870","Moore","Judaism",0.00107658743173295
"871","O'Connor","Judaism",0.000294262520550399
"872","Pearce","Judaism",0.000720718738137025
"873","Perth","Judaism",0.00840564170786755
"874","Stirling","Judaism",0.0146494405102979
"875","Swan","Judaism",0.000894596879940197
"876","Tangney","Judaism",0.000904159132007233
"877","Bass","Judaism",0.000522733997435645
"878","Braddon","Judaism",0.000267881060809001
"879","Denison","Judaism",0.000799430649391165
"880","Franklin","Judaism",0.000478716274438466
"881","Lyons","Judaism",0.000347792483817989
"882","Solomon","Judaism",0.000692253767963547
"883","Banks","Sikhism",0.00298448070035814
"884","Barton","Sikhism",0.00163725773792305
"885","Bennelong","Sikhism",0.00396571726211615
"886","Berowra","Sikhism",0.00385845000551207
"887","Blaxland","Sikhism",0.00361327118430546
"888","Bradfield","Sikhism",0.00399987519890175
"889","Calare","Sikhism",0.00110974717603442
"890","Chifley","Sikhism",0.0227446583629685
"891","Cook","Sikhism",0.00112899282334498
"892","Cowper","Sikhism",0.00239767513384927
"893","Cunningham","Sikhism",0.000547045951859956
"894","Dobell","Sikhism",0.000746428501885543
"895","Eden-Monaro","Sikhism",0.00307052029390234
"896","Farrer","Sikhism",0.00704964020002439
"897","Fowler","Sikhism",0.00293481900934636
"898","Gilmore","Sikhism",0.00042543008322476
"899","Grayndler","Sikhism",0.00073572197735314
"900","Greenway","Sikhism",0.0447999905919432
"901","Hughes","Sikhism",0.0013861070490474
"902","Hume","Sikhism",0.000935987732586313
"903","Hunter","Sikhism",0.000408173677899946
"904","Kingsford Smith","Sikhism",0.00116319976395556
"905","Lindsay","Sikhism",0.00812475980015373
"906","Lyne","Sikhism",0.000254330492163871
"907","Macarthur","Sikhism",0.00593764851836536
"908","Mackellar","Sikhism",0.00261080793739444
"909","Macquarie","Sikhism",0.000466632258429429
"910","McMahon","Sikhism",0.00490062947740701
"911","Mitchell","Sikhism",0.00939074220099186
"912","New England","Sikhism",0.000849634203289576
"913","Newcastle","Sikhism",0.00108533619269294
"914","North Sydney","Sikhism",0.00160964798236816
"915","Page","Sikhism",0.00688844614001898
"916","Parkes","Sikhism",0.000721862013799921
"917","Parramatta","Sikhism",0.0181784027479605
"918","Paterson","Sikhism",0.0010666049834869
"919","Reid","Sikhism",0.00301631678494819
"920","Richmond","Sikhism",0.00203383623367536
"921","Riverina","Sikhism",0.000828021798155244
"922","Robertson","Sikhism",0.000831568869974773
"923","Shortland","Sikhism",0.000567544746058333
"924","Sydney","Sikhism",0.000954136506461652
"925","Warringah","Sikhism",0.00114706141869099
"926","Watson","Sikhism",0.00293468187590815
"927","Wentworth","Sikhism",0.000527581552460106
"928","Werriwa","Sikhism",0.00337021455862477
"929","Whitlam","Sikhism",0.000466246388232204
"930","Aston","Sikhism",0.00585951859312738
"931","Ballarat","Sikhism",0.00211673776402582
"932","Batman","Sikhism",0.00769924180682127
"933","Bendigo","Sikhism",0.00149570234858507
"934","Bruce","Sikhism",0.0226480947194783
"935","Calwell","Sikhism",0.0163113792728196
"936","Casey","Sikhism",0.00170208593082387
"937","Chisholm","Sikhism",0.00650720962337244
"938","Corangamite","Sikhism",0.00206887521277989
"939","Corio","Sikhism",0.00292834558480195
"940","Deakin","Sikhism",0.00757663507464212
"941","Dunkley","Sikhism",0.00102472315396124
"942","Flinders","Sikhism",0.000592841600542027
"943","Gellibrand","Sikhism",0.00710181886141807
"944","Gippsland","Sikhism",0.000950829528849986
"945","Goldstein","Sikhism",0.00183570756027014
"946","Gorton","Sikhism",0.0194923263410926
"947","Higgins","Sikhism",0.00205272115472061
"948","Holt","Sikhism",0.0272735460112877
"949","Hotham","Sikhism",0.0172855990798641
"950","Indi","Sikhism",0.00131970353038528
"951","Isaacs","Sikhism",0.00877380967388153
"952","Jagajaga","Sikhism",0.00207358758961366
"953","Kooyong","Sikhism",0.0023315153474233
"954","La Trobe","Sikhism",0.00675309782435575
"955","Lalor","Sikhism",0.033533207747253
"956","Mallee","Sikhism",0.00313870930501039
"957","Maribyrnong","Sikhism",0.01501048570759
"958","McEwen","Sikhism",0.0191230745115921
"959","McMillan","Sikhism",0.00454795371964047
"960","Melbourne","Sikhism",0.00142382534409112
"961","Melbourne Ports","Sikhism",0.00153081226392199
"962","Menzies","Sikhism",0.0046242774566474
"963","Murray","Sikhism",0.00654210750794546
"964","Scullin","Sikhism",0.0293749925580177
"965","Wannon","Sikhism",0.000605507879077834
"966","Wills","Sikhism",0.00469204062505526
"967","Blair","Sikhism",0.0011898745513981
"968","Bonner","Sikhism",0.00522601513004892
"969","Bowman","Sikhism",0.00204747976328141
"970","Brisbane","Sikhism",0.00365497968099777
"971","Capricornia","Sikhism",0.00102176220806794
"972","Dawson","Sikhism",0.0015673680372074
"973","Dickson","Sikhism",0.00207226245922157
"974","Fadden","Sikhism",0.00219929245283019
"975","Fairfax","Sikhism",0.0012641483614943
"976","Fisher","Sikhism",0.00122711641910306
"977","Flynn","Sikhism",0.00122839061535295
"978","Forde","Sikhism",0.00284526815595211
"979","Griffith","Sikhism",0.00562175606908542
"980","Groom","Sikhism",0.00178012440718499
"981","Herbert","Sikhism",0.0012812660158252
"982","Hinkler","Sikhism",0.00057862203279799
"983","Kennedy","Sikhism",0.0056887653319948
"984","Leichhardt","Sikhism",0.00445143602984343
"985","Lilley","Sikhism",0.0128849557522124
"986","Longman","Sikhism",0.000560419442818536
"987","Maranoa","Sikhism",0.00119250197633754
"988","McPherson","Sikhism",0.00124685811546302
"989","Moncrieff","Sikhism",0.00520736123035574
"990","Moreton","Sikhism",0.0176819277413314
"991","Oxley","Sikhism",0.00609038772609186
"992","Petrie","Sikhism",0.00572678050812162
"993","Rankin","Sikhism",0.0103309705865937
"994","Ryan","Sikhism",0.00187320162987853
"995","Wide Bay","Sikhism",0.000520479118377771
"996","Wright","Sikhism",0.000754297257042771
"997","Adelaide","Sikhism",0.010254402173248
"998","Barker","Sikhism",0.00414041283728646
"999","Boothby","Sikhism",0.00270166488384212
"1000","Grey","Sikhism",0.00104510680991597
"1001","Hindmarsh","Sikhism",0.0107310751571974
"1002","Kingston","Sikhism",0.00139275766016713
"1003","Makin","Sikhism",0.00749767578738973
"1004","Mayo","Sikhism",0.00038470580692043
"1005","Port Adelaide","Sikhism",0.00757786850490048
"1006","Sturt","Sikhism",0.00988174090263066
"1007","Wakefield","Sikhism",0.00132570803509857
"1008","Brand","Sikhism",0.00425529320677189
"1009","Burt","Sikhism",0.0138343316566242
"1010","Canning","Sikhism",0.00316397181188749
"1011","Cowan","Sikhism",0.0039921918421017
"1012","Curtin","Sikhism",0.00178913380764016
"1013","Durack","Sikhism",0.000500649193459651
"1014","Forrest","Sikhism",0.00115721942504466
"1015","Fremantle","Sikhism",0.00246060345291239
"1016","Hasluck","Sikhism",0.00549343433640149
"1017","Moore","Sikhism",0.00142594361818934
"1018","O'Connor","Sikhism",0.000838008482437005
"1019","Pearce","Sikhism",0.00744926085066818
"1020","Perth","Sikhism",0.00397778792632157
"1021","Stirling","Sikhism",0.00918292880696254
"1022","Swan","Sikhism",0.0112804990134925
"1023","Tangney","Sikhism",0.00489569090989282
"1024","Bass","Sikhism",0.00077916954334747
"1025","Braddon","Sikhism",0.000185456119021616
"1026","Denison","Sikhism",0.00289549881547776
"1027","Franklin","Sikhism",0.000737223062635237
"1028","Lyons","Sikhism",0.000106269925611052
"1029","Solomon","Sikhism",0.00385559060637925
"1030","Banks","Secular_and_Other_Beliefs",0.238893239028022
"1031","Barton","Secular_and_Other_Beliefs",0.251802140584322
"1032","Bennelong","Secular_and_Other_Beliefs",0.308876103889954
"1033","Berowra","Secular_and_Other_Beliefs",0.268637691544482
"1034","Blaxland","Secular_and_Other_Beliefs",0.133754022698902
"1035","Bradfield","Secular_and_Other_Beliefs",0.319409690805279
"1036","Calare","Secular_and_Other_Beliefs",0.213679028878225
"1037","Chifley","Secular_and_Other_Beliefs",0.144275295038219
"1038","Cook","Secular_and_Other_Beliefs",0.217313140901181
"1039","Cowper","Secular_and_Other_Beliefs",0.286277389672422
"1040","Cunningham","Secular_and_Other_Beliefs",0.289586819410478
"1041","Dobell","Secular_and_Other_Beliefs",0.267760130332907
"1042","Eden-Monaro","Secular_and_Other_Beliefs",0.295583331073937
"1043","Farrer","Secular_and_Other_Beliefs",0.229924381022076
"1044","Fowler","Secular_and_Other_Beliefs",0.131500593661522
"1045","Gilmore","Secular_and_Other_Beliefs",0.292589539737829
"1046","Grayndler","Secular_and_Other_Beliefs",0.407322440189147
"1047","Greenway","Secular_and_Other_Beliefs",0.153780568834636
"1048","Hughes","Secular_and_Other_Beliefs",0.228569052387916
"1049","Hume","Secular_and_Other_Beliefs",0.210212223601495
"1050","Hunter","Secular_and_Other_Beliefs",0.256473379422944
"1051","Kingsford Smith","Secular_and_Other_Beliefs",0.288360058557178
"1052","Lindsay","Secular_and_Other_Beliefs",0.218263595311299
"1053","Lyne","Secular_and_Other_Beliefs",0.243284300247457
"1054","Macarthur","Secular_and_Other_Beliefs",0.181203207070863
"1055","Mackellar","Secular_and_Other_Beliefs",0.317939884128576
"1056","Macquarie","Secular_and_Other_Beliefs",0.3033887400222
"1057","McMahon","Secular_and_Other_Beliefs",0.119896434973113
"1058","Mitchell","Secular_and_Other_Beliefs",0.212018325306779
"1059","New England","Secular_and_Other_Beliefs",0.208679240388108
"1060","Newcastle","Secular_and_Other_Beliefs",0.331615974056542
"1061","North Sydney","Secular_and_Other_Beliefs",0.344922798806384
"1062","Page","Secular_and_Other_Beliefs",0.289647847046327
"1063","Parkes","Secular_and_Other_Beliefs",0.198850223387029
"1064","Parramatta","Secular_and_Other_Beliefs",0.185396092743667
"1065","Paterson","Secular_and_Other_Beliefs",0.253794158088849
"1066","Reid","Secular_and_Other_Beliefs",0.282552234114708
"1067","Richmond","Secular_and_Other_Beliefs",0.332777461693904
"1068","Riverina","Secular_and_Other_Beliefs",0.183480644188121
"1069","Robertson","Secular_and_Other_Beliefs",0.288882832645018
"1070","Shortland","Secular_and_Other_Beliefs",0.289032543846292
"1071","Sydney","Secular_and_Other_Beliefs",0.436804691753963
"1072","Warringah","Secular_and_Other_Beliefs",0.354543788560608
"1073","Watson","Secular_and_Other_Beliefs",0.155515256913378
"1074","Wentworth","Secular_and_Other_Beliefs",0.329800135663828
"1075","Werriwa","Secular_and_Other_Beliefs",0.111152718698255
"1076","Whitlam","Secular_and_Other_Beliefs",0.248883635408458
"1077","Aston","Secular_and_Other_Beliefs",0.325148142157656
"1078","Ballarat","Secular_and_Other_Beliefs",0.369730002654014
"1079","Batman","Secular_and_Other_Beliefs",0.35643723296535
"1080","Bendigo","Secular_and_Other_Beliefs",0.376159169320153
"1081","Bruce","Secular_and_Other_Beliefs",0.228614555668074
"1082","Calwell","Secular_and_Other_Beliefs",0.134976965769077
"1083","Casey","Secular_and_Other_Beliefs",0.4049073308771
"1084","Chisholm","Secular_and_Other_Beliefs",0.359520290939167
"1085","Corangamite","Secular_and_Other_Beliefs",0.369948932827026
"1086","Corio","Secular_and_Other_Beliefs",0.324432674733514
"1087","Deakin","Secular_and_Other_Beliefs",0.357096622537764
"1088","Dunkley","Secular_and_Other_Beliefs",0.393261420539551
"1089","Flinders","Secular_and_Other_Beliefs",0.391053955100392
"1090","Gellibrand","Secular_and_Other_Beliefs",0.321505006842584
"1091","Gippsland","Secular_and_Other_Beliefs",0.349912258010389
"1092","Goldstein","Secular_and_Other_Beliefs",0.347558373468268
"1093","Gorton","Secular_and_Other_Beliefs",0.202617467589834
"1094","Higgins","Secular_and_Other_Beliefs",0.367118784996947
"1095","Holt","Secular_and_Other_Beliefs",0.216822439258696
"1096","Hotham","Secular_and_Other_Beliefs",0.262417207599053
"1097","Indi","Secular_and_Other_Beliefs",0.324468730159862
"1098","Isaacs","Secular_and_Other_Beliefs",0.302217403910396
"1099","Jagajaga","Secular_and_Other_Beliefs",0.370011535657922
"1100","Kooyong","Secular_and_Other_Beliefs",0.365992888534309
"1101","La Trobe","Secular_and_Other_Beliefs",0.353282578918867
"1102","Lalor","Secular_and_Other_Beliefs",0.228675871522853
"1103","Mallee","Secular_and_Other_Beliefs",0.299728700069268
"1104","Maribyrnong","Secular_and_Other_Beliefs",0.217952492834266
"1105","McEwen","Secular_and_Other_Beliefs",0.283839434572581
"1106","McMillan","Secular_and_Other_Beliefs",0.355242398164085
"1107","Melbourne","Secular_and_Other_Beliefs",0.450681470615025
"1108","Melbourne Ports","Secular_and_Other_Beliefs",0.387998680763415
"1109","Menzies","Secular_and_Other_Beliefs",0.314269095139419
"1110","Murray","Secular_and_Other_Beliefs",0.277355089910983
"1111","Scullin","Secular_and_Other_Beliefs",0.199927366252694
"1112","Wannon","Secular_and_Other_Beliefs",0.314744490625841
"1113","Wills","Secular_and_Other_Beliefs",0.321593407565031
"1114","Blair","Secular_and_Other_Beliefs",0.292869069019121
"1115","Bonner","Secular_and_Other_Beliefs",0.281576625945628
"1116","Bowman","Secular_and_Other_Beliefs",0.297925311203319
"1117","Brisbane","Secular_and_Other_Beliefs",0.358724967355357
"1118","Capricornia","Secular_and_Other_Beliefs",0.226240711252654
"1119","Dawson","Secular_and_Other_Beliefs",0.245392257841638
"1120","Dickson","Secular_and_Other_Beliefs",0.303124807648905
"1121","Fadden","Secular_and_Other_Beliefs",0.311757075471698
"1122","Fairfax","Secular_and_Other_Beliefs",0.341906518183536
"1123","Fisher","Secular_and_Other_Beliefs",0.326056247592141
"1124","Flynn","Secular_and_Other_Beliefs",0.245954671743157
"1125","Forde","Secular_and_Other_Beliefs",0.311602169894526
"1126","Griffith","Secular_and_Other_Beliefs",0.344253245517189
"1127","Groom","Secular_and_Other_Beliefs",0.201234667419021
"1128","Herbert","Secular_and_Other_Beliefs",0.28595357441968
"1129","Hinkler","Secular_and_Other_Beliefs",0.270258827514183
"1130","Kennedy","Secular_and_Other_Beliefs",0.24596187754997
"1131","Leichhardt","Secular_and_Other_Beliefs",0.308129427924924
"1132","Lilley","Secular_and_Other_Beliefs",0.289267900241352
"1133","Longman","Secular_and_Other_Beliefs",0.313492409429991
"1134","Maranoa","Secular_and_Other_Beliefs",0.196950410676242
"1135","McPherson","Secular_and_Other_Beliefs",0.317143969230972
"1136","Moncrieff","Secular_and_Other_Beliefs",0.315875919220576
"1137","Moreton","Secular_and_Other_Beliefs",0.326751902626035
"1138","Oxley","Secular_and_Other_Beliefs",0.269839713739523
"1139","Petrie","Secular_and_Other_Beliefs",0.293676654335203
"1140","Rankin","Secular_and_Other_Beliefs",0.280376179047832
"1141","Ryan","Secular_and_Other_Beliefs",0.352754121365442
"1142","Wide Bay","Secular_and_Other_Beliefs",0.315167455481686
"1143","Wright","Secular_and_Other_Beliefs",0.282803940244316
"1144","Adelaide","Secular_and_Other_Beliefs",0.355330943086844
"1145","Barker","Secular_and_Other_Beliefs",0.347761233963425
"1146","Boothby","Secular_and_Other_Beliefs",0.382059299487095
"1147","Grey","Secular_and_Other_Beliefs",0.337687945041317
"1148","Hindmarsh","Secular_and_Other_Beliefs",0.311921874070205
"1149","Kingston","Secular_and_Other_Beliefs",0.433600616599508
"1150","Makin","Secular_and_Other_Beliefs",0.335823640753647
"1151","Mayo","Secular_and_Other_Beliefs",0.406904756816061
"1152","Port Adelaide","Secular_and_Other_Beliefs",0.315926244502865
"1153","Sturt","Secular_and_Other_Beliefs",0.301688074870612
"1154","Wakefield","Secular_and_Other_Beliefs",0.375823365752741
"1155","Brand","Secular_and_Other_Beliefs",0.362065707091952
"1156","Burt","Secular_and_Other_Beliefs",0.296943412547472
"1157","Canning","Secular_and_Other_Beliefs",0.337387600243804
"1158","Cowan","Secular_and_Other_Beliefs",0.280429448684407
"1159","Curtin","Secular_and_Other_Beliefs",0.348252100135583
"1160","Durack","Secular_and_Other_Beliefs",0.319782795272991
"1161","Forrest","Secular_and_Other_Beliefs",0.359550105570895
"1162","Fremantle","Secular_and_Other_Beliefs",0.347966976819233
"1163","Hasluck","Secular_and_Other_Beliefs",0.324244913873533
"1164","Moore","Secular_and_Other_Beliefs",0.328758430891643
"1165","O'Connor","Secular_and_Other_Beliefs",0.344267958010018
"1166","Pearce","Secular_and_Other_Beliefs",0.337857539763318
"1167","Perth","Secular_and_Other_Beliefs",0.338178159892514
"1168","Stirling","Secular_and_Other_Beliefs",0.263014216984702
"1169","Swan","Secular_and_Other_Beliefs",0.306332030244727
"1170","Tangney","Secular_and_Other_Beliefs",0.303841573677943
"1171","Bass","Secular_and_Other_Beliefs",0.36135713581221
"1172","Braddon","Secular_and_Other_Beliefs",0.361041851264193
"1173","Denison","Secular_and_Other_Beliefs",0.414670527331754
"1174","Franklin","Secular_and_Other_Beliefs",0.393801581678571
"1175","Lyons","Secular_and_Other_Beliefs",0.355270022220075
"1176","Solomon","Secular_and_Other_Beliefs",0.325604626708728
"1177","Banks","Affiliation_Not_Stated",0.0725966907564535
"1178","Barton","Affiliation_Not_Stated",0.0915649407000289
"1179","Bennelong","Affiliation_Not_Stated",0.0759582830219949
"1180","Berowra","Affiliation_Not_Stated",0.0706303053687576
"1181","Blaxland","Affiliation_Not_Stated",0.092410412634424
"1182","Bradfield","Affiliation_Not_Stated",0.0787744532151883
"1183","Calare","Affiliation_Not_Stated",0.112016268025642
"1184","Chifley","Affiliation_Not_Stated",0.0779624990510893
"1185","Cook","Affiliation_Not_Stated",0.075081618270987
"1186","Cowper","Affiliation_Not_Stated",0.103030987754282
"1187","Cunningham","Affiliation_Not_Stated",0.0811365684129232
"1188","Dobell","Affiliation_Not_Stated",0.0836064828938059
"1189","Eden-Monaro","Affiliation_Not_Stated",0.105312745709405
"1190","Farrer","Affiliation_Not_Stated",0.103768752286864
"1191","Fowler","Affiliation_Not_Stated",0.0883916339391725
"1192","Gilmore","Affiliation_Not_Stated",0.0988792576245048
"1193","Grayndler","Affiliation_Not_Stated",0.110110826483316
"1194","Greenway","Affiliation_Not_Stated",0.0747881717205572
"1195","Hughes","Affiliation_Not_Stated",0.0591451877828525
"1196","Hume","Affiliation_Not_Stated",0.0785499492176868
"1197","Hunter","Affiliation_Not_Stated",0.0908887981836271
"1198","Kingsford Smith","Affiliation_Not_Stated",0.111973581179995
"1199","Lindsay","Affiliation_Not_Stated",0.0854691102997694
"1200","Lyne","Affiliation_Not_Stated",0.0911740445422051
"1201","Macarthur","Affiliation_Not_Stated",0.0789114722529117
"1202","Mackellar","Affiliation_Not_Stated",0.0802083263240766
"1203","Macquarie","Affiliation_Not_Stated",0.0834776829587313
"1204","McMahon","Affiliation_Not_Stated",0.0738051698019832
"1205","Mitchell","Affiliation_Not_Stated",0.0573219766828067
"1206","New England","Affiliation_Not_Stated",0.1048487521403
"1207","Newcastle","Affiliation_Not_Stated",0.0808183173366111
"1208","North Sydney","Affiliation_Not_Stated",0.0947277837623664
"1209","Page","Affiliation_Not_Stated",0.105507614372718
"1210","Parkes","Affiliation_Not_Stated",0.114151747101171
"1211","Parramatta","Affiliation_Not_Stated",0.0919761700300558
"1212","Paterson","Affiliation_Not_Stated",0.0844031509824331
"1213","Reid","Affiliation_Not_Stated",0.101402284019035
"1214","Richmond","Affiliation_Not_Stated",0.115667078665646
"1215","Riverina","Affiliation_Not_Stated",0.0955755393374542
"1216","Robertson","Affiliation_Not_Stated",0.0825489332858151
"1217","Shortland","Affiliation_Not_Stated",0.0703201782921056
"1218","Sydney","Affiliation_Not_Stated",0.156798097721562
"1219","Warringah","Affiliation_Not_Stated",0.0955522523806615
"1220","Watson","Affiliation_Not_Stated",0.084196194638628
"1221","Wentworth","Affiliation_Not_Stated",0.136253074704177
"1222","Werriwa","Affiliation_Not_Stated",0.0858000456383222
"1223","Whitlam","Affiliation_Not_Stated",0.0774822695035461
"1224","Aston","Affiliation_Not_Stated",0.0733799938243468
"1225","Ballarat","Affiliation_Not_Stated",0.0944828880847731
"1226","Batman","Affiliation_Not_Stated",0.100417376700995
"1227","Bendigo","Affiliation_Not_Stated",0.105476929622219
"1228","Bruce","Affiliation_Not_Stated",0.0844080987956258
"1229","Calwell","Affiliation_Not_Stated",0.0854684836100262
"1230","Casey","Affiliation_Not_Stated",0.0852794082624715
"1231","Chisholm","Affiliation_Not_Stated",0.084970778371738
"1232","Corangamite","Affiliation_Not_Stated",0.0884967919340055
"1233","Corio","Affiliation_Not_Stated",0.100517630107929
"1234","Deakin","Affiliation_Not_Stated",0.0782805399033843
"1235","Dunkley","Affiliation_Not_Stated",0.0943291820659785
"1236","Flinders","Affiliation_Not_Stated",0.0952781143728257
"1237","Gellibrand","Affiliation_Not_Stated",0.0935052721057677
"1238","Gippsland","Affiliation_Not_Stated",0.114533009864856
"1239","Goldstein","Affiliation_Not_Stated",0.0896651696505382
"1240","Gorton","Affiliation_Not_Stated",0.0918733178558955
"1241","Higgins","Affiliation_Not_Stated",0.100498889192033
"1242","Holt","Affiliation_Not_Stated",0.0838520193731738
"1243","Hotham","Affiliation_Not_Stated",0.0826734178553959
"1244","Indi","Affiliation_Not_Stated",0.103536092108173
"1245","Isaacs","Affiliation_Not_Stated",0.0861686437152546
"1246","Jagajaga","Affiliation_Not_Stated",0.0826958054083128
"1247","Kooyong","Affiliation_Not_Stated",0.0895948390291543
"1248","La Trobe","Affiliation_Not_Stated",0.0793807536712006
"1249","Lalor","Affiliation_Not_Stated",0.0847274968854939
"1250","Mallee","Affiliation_Not_Stated",0.103988686215655
"1251","Maribyrnong","Affiliation_Not_Stated",0.0900809412499925
"1252","McEwen","Affiliation_Not_Stated",0.0850421078131012
"1253","McMillan","Affiliation_Not_Stated",0.0971266016446739
"1254","Melbourne","Affiliation_Not_Stated",0.133758083924197
"1255","Melbourne Ports","Affiliation_Not_Stated",0.136180063348247
"1256","Menzies","Affiliation_Not_Stated",0.0750136328934453
"1257","Murray","Affiliation_Not_Stated",0.106097711982169
"1258","Scullin","Affiliation_Not_Stated",0.0768310253265542
"1259","Wannon","Affiliation_Not_Stated",0.109417516371139
"1260","Wills","Affiliation_Not_Stated",0.0915183702821708
"1261","Blair","Affiliation_Not_Stated",0.100173363442704
"1262","Bonner","Affiliation_Not_Stated",0.0782899836937635
"1263","Bowman","Affiliation_Not_Stated",0.0755186721991701
"1264","Brisbane","Affiliation_Not_Stated",0.116336965939739
"1265","Capricornia","Affiliation_Not_Stated",0.112380573248408
"1266","Dawson","Affiliation_Not_Stated",0.107905292586029
"1267","Dickson","Affiliation_Not_Stated",0.0757572648871198
"1268","Fadden","Affiliation_Not_Stated",0.102376179245283
"1269","Fairfax","Affiliation_Not_Stated",0.0901520236148127
"1270","Fisher","Affiliation_Not_Stated",0.0895794985945236
"1271","Flynn","Affiliation_Not_Stated",0.111995781024902
"1272","Forde","Affiliation_Not_Stated",0.0922386400705578
"1273","Griffith","Affiliation_Not_Stated",0.100525374043477
"1274","Groom","Affiliation_Not_Stated",0.0904303198849973
"1275","Herbert","Affiliation_Not_Stated",0.100757509468868
"1276","Hinkler","Affiliation_Not_Stated",0.0967498377035762
"1277","Kennedy","Affiliation_Not_Stated",0.122012432912468
"1278","Leichhardt","Affiliation_Not_Stated",0.127102462823955
"1279","Lilley","Affiliation_Not_Stated",0.0834625905068383
"1280","Longman","Affiliation_Not_Stated",0.100533021158947
"1281","Maranoa","Affiliation_Not_Stated",0.107097396594
"1282","McPherson","Affiliation_Not_Stated",0.0936924812476498
"1283","Moncrieff","Affiliation_Not_Stated",0.11924670573743
"1284","Moreton","Affiliation_Not_Stated",0.086081570939641
"1285","Oxley","Affiliation_Not_Stated",0.108187098671634
"1286","Petrie","Affiliation_Not_Stated",0.0893500257245755
"1287","Rankin","Affiliation_Not_Stated",0.0945191717363398
"1288","Ryan","Affiliation_Not_Stated",0.0832705714230539
"1289","Wide Bay","Affiliation_Not_Stated",0.108849532956738
"1290","Wright","Affiliation_Not_Stated",0.101095009492639
"1291","Adelaide","Affiliation_Not_Stated",0.0946757871293792
"1292","Barker","Affiliation_Not_Stated",0.0980789554654787
"1293","Boothby","Affiliation_Not_Stated",0.0793562631997586
"1294","Grey","Affiliation_Not_Stated",0.11019606203754
"1295","Hindmarsh","Affiliation_Not_Stated",0.0826881244090636
"1296","Kingston","Affiliation_Not_Stated",0.0896097574167726
"1297","Makin","Affiliation_Not_Stated",0.0805013610856581
"1298","Mayo","Affiliation_Not_Stated",0.0949938375829077
"1299","Port Adelaide","Affiliation_Not_Stated",0.0812364464582097
"1300","Sturt","Affiliation_Not_Stated",0.0757086160199512
"1301","Wakefield","Affiliation_Not_Stated",0.0959146790954272
"1302","Brand","Affiliation_Not_Stated",0.108619712127586
"1303","Burt","Affiliation_Not_Stated",0.0889129829425949
"1304","Canning","Affiliation_Not_Stated",0.0966175634677679
"1305","Cowan","Affiliation_Not_Stated",0.077505456221448
"1306","Curtin","Affiliation_Not_Stated",0.0984303146359532
"1307","Durack","Affiliation_Not_Stated",0.148978895710922
"1308","Forrest","Affiliation_Not_Stated",0.103540685398733
"1309","Fremantle","Affiliation_Not_Stated",0.098161942666595
"1310","Hasluck","Affiliation_Not_Stated",0.103811287649868
"1311","Moore","Affiliation_Not_Stated",0.0729298863522936
"1312","O'Connor","Affiliation_Not_Stated",0.129686610415614
"1313","Pearce","Affiliation_Not_Stated",0.105241440777276
"1314","Perth","Affiliation_Not_Stated",0.113740907676932
"1315","Stirling","Affiliation_Not_Stated",0.092836099248608
"1316","Swan","Affiliation_Not_Stated",0.114330706731535
"1317","Tangney","Affiliation_Not_Stated",0.0778017906761346
"1318","Bass","Affiliation_Not_Stated",0.0983627576684091
"1319","Braddon","Affiliation_Not_Stated",0.0951905046467061
"1320","Denison","Affiliation_Not_Stated",0.0984762071890263
"1321","Franklin","Affiliation_Not_Stated",0.0898550447121
"1322","Lyons","Affiliation_Not_Stated",0.104154188001159
"1323","Solomon","Affiliation_Not_Stated",0.131992639327024
"1324","Banks","Other_Christianity",0.555457726415907
"1325","Barton","Other_Christianity",0.468555091608973
"1326","Bennelong","Other_Christianity",0.49351088708021
"1327","Berowra","Other_Christianity",0.574885581573319
"1328","Blaxland","Other_Christianity",0.361967109356489
"1329","Bradfield","Other_Christianity",0.494185177933182
"1330","Calare","Other_Christianity",0.654778717657468
"1331","Chifley","Other_Christianity",0.5831250939745
"1332","Cook","Other_Christianity",0.664434122994219
"1333","Cowper","Other_Christianity",0.583467184316964
"1334","Cunningham","Other_Christianity",0.5759531228925
"1335","Dobell","Other_Christianity",0.624952241319679
"1336","Eden-Monaro","Other_Christianity",0.56727732647612
"1337","Farrer","Other_Christianity",0.632592631157917
"1338","Fowler","Other_Christianity",0.472534436567338
"1339","Gilmore","Other_Christianity",0.586591989819587
"1340","Grayndler","Other_Christianity",0.398284422730787
"1341","Greenway","Other_Christianity",0.527578109804862
"1342","Hughes","Other_Christianity",0.658217278141418
"1343","Hume","Other_Christianity",0.687595434182292
"1344","Hunter","Other_Christianity",0.632589737936579
"1345","Kingsford Smith","Other_Christianity",0.488218450685352
"1346","Lindsay","Other_Christianity",0.632395171374051
"1347","Lyne","Other_Christianity",0.64927493588488
"1348","Macarthur","Other_Christianity",0.609161638494416
"1349","Mackellar","Other_Christianity",0.561832209601201
"1350","Macquarie","Other_Christianity",0.584609354290937
"1351","McMahon","Other_Christianity",0.595538514940022
"1352","Mitchell","Other_Christianity",0.605292754906561
"1353","New England","Other_Christianity",0.664345739759949
"1354","Newcastle","Other_Christianity",0.543953580611056
"1355","North Sydney","Other_Christianity",0.469959214669853
"1356","Page","Other_Christianity",0.573404000260462
"1357","Parkes","Other_Christianity",0.669533403551355
"1358","Parramatta","Other_Christianity",0.399638936581173
"1359","Paterson","Other_Christianity",0.641065047270234
"1360","Reid","Other_Christianity",0.457105295802372
"1361","Richmond","Other_Christianity",0.513348255744863
"1362","Riverina","Other_Christianity",0.701677647641756
"1363","Robertson","Other_Christianity",0.598775367832486
"1364","Shortland","Other_Christianity",0.619921868497994
"1365","Sydney","Other_Christianity",0.28496107828306
"1366","Warringah","Other_Christianity",0.508267602245307
"1367","Watson","Other_Christianity",0.434960648812257
"1368","Wentworth","Other_Christianity",0.378075172738736
"1369","Werriwa","Other_Christianity",0.528723715916886
"1370","Whitlam","Other_Christianity",0.641085626702819
"1371","Aston","Other_Christianity",0.503813389619857
"1372","Ballarat","Other_Christianity",0.508487302221206
"1373","Batman","Other_Christianity",0.425432347909835
"1374","Bendigo","Other_Christianity",0.491119943085657
"1375","Bruce","Other_Christianity",0.429860042654858
"1376","Calwell","Other_Christianity",0.532269795028033
"1377","Casey","Other_Christianity",0.479621885907207
"1378","Chisholm","Other_Christianity",0.422906319955814
"1379","Corangamite","Other_Christianity",0.512784172821547
"1380","Corio","Other_Christianity",0.535191043006071
"1381","Deakin","Other_Christianity",0.481141677518295
"1382","Dunkley","Other_Christianity",0.481590216929475
"1383","Flinders","Other_Christianity",0.492818413756529
"1384","Gellibrand","Other_Christianity",0.436748039811347
"1385","Gippsland","Other_Christianity",0.513347477308121
"1386","Goldstein","Other_Christianity",0.449244871612273
"1387","Gorton","Other_Christianity",0.548793093746556
"1388","Higgins","Other_Christianity",0.416427679887451
"1389","Holt","Other_Christianity",0.468397019735058
"1390","Hotham","Other_Christianity",0.455121648473114
"1391","Indi","Other_Christianity",0.549628780243984
"1392","Isaacs","Other_Christianity",0.466951154785582
"1393","Jagajaga","Other_Christianity",0.490093138939293
"1394","Kooyong","Other_Christianity",0.4544920545436
"1395","La Trobe","Other_Christianity",0.482328375633736
"1396","Lalor","Other_Christianity",0.461355092590008
"1397","Mallee","Other_Christianity",0.565405429990255
"1398","Maribyrnong","Other_Christianity",0.529865392395557
"1399","McEwen","Other_Christianity",0.532608561017673
"1400","McMillan","Other_Christianity",0.512781192361241
"1401","Melbourne","Other_Christianity",0.27507063610867
"1402","Melbourne Ports","Other_Christianity",0.30831417367263
"1403","Menzies","Other_Christianity",0.526278364617497
"1404","Murray","Other_Christianity",0.566752947453009
"1405","Scullin","Other_Christianity",0.535564746972668
"1406","Wannon","Other_Christianity",0.559553914040592
"1407","Wills","Other_Christianity",0.427333440723485
"1408","Blair","Other_Christianity",0.57813605354863
"1409","Bonner","Other_Christianity",0.574618627486751
"1410","Bowman","Other_Christianity",0.599527987956991
"1411","Brisbane","Other_Christianity",0.455454700850867
"1412","Capricornia","Other_Christianity",0.637258229412479
"1413","Dawson","Other_Christianity",0.621909684581387
"1414","Dickson","Other_Christianity",0.591570200149586
"1415","Fadden","Other_Christianity",0.541719509834461
"1416","Fairfax","Other_Christianity",0.536856840025415
"1417","Fisher","Other_Christianity",0.555731338146439
"1418","Flynn","Other_Christianity",0.616945311072499
"1419","Forde","Other_Christianity",0.550155593669942
"1420","Griffith","Other_Christianity",0.481184587350526
"1421","Groom","Other_Christianity",0.671513823264194
"1422","Herbert","Other_Christianity",0.584729691314981
"1423","Hinkler","Other_Christianity",0.609589723799544
"1424","Kennedy","Other_Christianity",0.606680896424354
"1425","Leichhardt","Other_Christianity",0.520166242220423
"1426","Lilley","Other_Christianity",0.562211414115669
"1427","Longman","Other_Christianity",0.561706131770638
"1428","Maranoa","Other_Christianity",0.679924022471178
"1429","McPherson","Other_Christianity",0.552157707922654
"1430","Moncrieff","Other_Christianity",0.507177315984357
"1431","Moreton","Other_Christianity",0.445943469888982
"1432","Oxley","Other_Christianity",0.506566408404149
"1433","Petrie","Other_Christianity",0.567555368567211
"1434","Rankin","Other_Christianity",0.508163849479898
"1435","Ryan","Other_Christianity",0.502279729485686
"1436","Wide Bay","Other_Christianity",0.55194143937931
"1437","Wright","Other_Christianity",0.588451751207711
"1438","Adelaide","Other_Christianity",0.431478652063363
"1439","Barker","Other_Christianity",0.527844214854337
"1440","Boothby","Other_Christianity",0.483582415287608
"1441","Grey","Other_Christianity",0.53250787137338
"1442","Hindmarsh","Other_Christianity",0.52943062697512
"1443","Kingston","Other_Christianity",0.445579271244137
"1444","Makin","Other_Christianity",0.502837282066425
"1445","Mayo","Other_Christianity",0.474910512576815
"1446","Port Adelaide","Other_Christianity",0.475180830618535
"1447","Sturt","Other_Christianity",0.530930093849717
"1448","Wakefield","Other_Christianity",0.479446936315521
"1449","Brand","Other_Christianity",0.488009308721445
"1450","Burt","Other_Christianity",0.470270664668445
"1451","Canning","Other_Christianity",0.533297815687655
"1452","Cowan","Other_Christianity",0.520358433120007
"1453","Curtin","Other_Christianity",0.490038317678858
"1454","Durack","Other_Christianity",0.496460460407228
"1455","Forrest","Other_Christianity",0.508334847792767
"1456","Fremantle","Other_Christianity",0.502619311805766
"1457","Hasluck","Other_Christianity",0.499440540933639
"1458","Moore","Other_Christianity",0.559965088087776
"1459","O'Connor","Other_Christianity",0.497218425405172
"1460","Pearce","Other_Christianity",0.502944153434317
"1461","Perth","Other_Christianity",0.451082855882299
"1462","Stirling","Other_Christianity",0.506356011807395
"1463","Swan","Other_Christianity",0.440537991774378
"1464","Tangney","Other_Christianity",0.519668282181789
"1465","Bass","Other_Christianity",0.507630447286709
"1466","Braddon","Other_Christianity",0.526176725945494
"1467","Denison","Other_Christianity",0.43293717349924
"1468","Franklin","Other_Christianity",0.495295433344405
"1469","Lyons","Other_Christianity",0.526341419461605
"1470","Solomon","Other_Christianity",0.456245134133593
"1471","Banks","Other_Religions",0.00580848629397648
"1472","Barton","Other_Religions",0.00479605648100817
"1473","Bennelong","Other_Religions",0.0078722212413449
"1474","Berowra","Other_Religions",0.00800625717637247
"1475","Blaxland","Other_Religions",0.00656800157316912
"1476","Bradfield","Other_Religions",0.00858005054522356
"1477","Calare","Other_Religions",0.00390580720314464
"1478","Chifley","Other_Religions",0.0262715534417231
"1479","Cook","Other_Religions",0.0028188784211875
"1480","Cowper","Other_Religions",0.00615108869718911
"1481","Cunningham","Other_Religions",0.00373921645613366
"1482","Dobell","Other_Religions",0.00396580223910051
"1483","Eden-Monaro","Other_Religions",0.00662904949082034
"1484","Farrer","Other_Religions",0.00978773600658495
"1485","Fowler","Other_Religions",0.0236246662719943
"1486","Gilmore","Other_Religions",0.00380227854084074
"1487","Grayndler","Other_Religions",0.00462166677331083
"1488","Greenway","Other_Religions",0.0497507170703864
"1489","Hughes","Other_Religions",0.00385336798988801
"1490","Hume","Other_Religions",0.00323944069098642
"1491","Hunter","Other_Religions",0.00302303369873161
"1492","Kingsford Smith","Other_Religions",0.0039208277261444
"1493","Lindsay","Other_Religions",0.0112833389894804
"1494","Lyne","Other_Religions",0.00266015772387619
"1495","Macarthur","Other_Religions",0.0101902520251053
"1496","Mackellar","Other_Religions",0.00576663810832204
"1497","Macquarie","Other_Religions",0.00504810931474163
"1498","McMahon","Other_Religions",0.0127826468189394
"1499","Mitchell","Other_Religions",0.0154773938524057
"1500","New England","Other_Religions",0.00389144885569058
"1501","Newcastle","Other_Religions",0.00419749793827842
"1502","North Sydney","Other_Religions",0.00570804941837238
"1503","Page","Other_Religions",0.0122998555158092
"1504","Parkes","Other_Religions",0.00278989443995855
"1505","Parramatta","Other_Religions",0.0267603146285812
"1506","Paterson","Other_Religions",0.00368170793910724
"1507","Reid","Other_Religions",0.00628075999979716
"1508","Richmond","Other_Religions",0.00703012802157937
"1509","Riverina","Other_Religions",0.00274722979837478
"1510","Robertson","Other_Religions",0.00354988482723025
"1511","Shortland","Other_Religions",0.0029830666273671
"1512","Sydney","Other_Religions",0.00460083147683094
"1513","Warringah","Other_Religions",0.00416063511187976
"1514","Watson","Other_Religions",0.00610961331600817
"1515","Wentworth","Other_Religions",0.00269956952372711
"1516","Werriwa","Other_Religions",0.0208414807282556
"1517","Whitlam","Other_Religions",0.00333595701177838
"1518","Aston","Other_Religions",0.0106161988889809
"1519","Ballarat","Other_Religions",0.00575466480623911
"1520","Batman","Other_Religions",0.0110826622012187
"1521","Bendigo","Other_Religions",0.00482612296865441
"1522","Bruce","Other_Religions",0.02752022056993
"1523","Calwell","Other_Religions",0.0187658469984204
"1524","Casey","Other_Religions",0.00599581341435684
"1525","Chisholm","Other_Religions",0.010508799892907
"1526","Corangamite","Other_Religions",0.00457639080217878
"1527","Corio","Other_Religions",0.00560319297500177
"1528","Deakin","Other_Religions",0.0123733020594883
"1529","Dunkley","Other_Religions",0.00495965306478878
"1530","Flinders","Other_Religions",0.0033290297408331
"1531","Gellibrand","Other_Religions",0.00992924043202413
"1532","Gippsland","Other_Religions",0.00379632007418198
"1533","Goldstein","Other_Religions",0.00427427343434764
"1534","Gorton","Other_Religions",0.022250428921957
"1535","Higgins","Other_Religions",0.00481998380740048
"1536","Holt","Other_Religions",0.0310960089183344
"1537","Hotham","Other_Religions",0.0208615877262392
"1538","Indi","Other_Religions",0.00413030595932795
"1539","Isaacs","Other_Religions",0.0119567815888054
"1540","Jagajaga","Other_Religions",0.00536442011317974
"1541","Kooyong","Other_Religions",0.00564651523383691
"1542","La Trobe","Other_Religions",0.0107858009550038
"1543","Lalor","Other_Religions",0.0375765326464562
"1544","Mallee","Other_Religions",0.0050724202067269
"1545","Maribyrnong","Other_Religions",0.0173358790839535
"1546","McEwen","Other_Religions",0.0224764090652944
"1547","McMillan","Other_Religions",0.0077213344571517
"1548","Melbourne","Other_Religions",0.00484675217372901
"1549","Melbourne Ports","Other_Religions",0.0046546554066157
"1550","Menzies","Other_Religions",0.00991744192912745
"1551","Murray","Other_Religions",0.00889474469884631
"1552","Scullin","Other_Religions",0.0326790578153164
"1553","Wannon","Other_Religions",0.00325927245232276
"1554","Wills","Other_Religions",0.00801652416435921
"1555","Blair","Other_Religions",0.00545678266957599
"1556","Bonner","Other_Religions",0.00854737345281129
"1557","Bowman","Other_Religions",0.00544179275233138
"1558","Brisbane","Other_Religions",0.00738926049217333
"1559","Capricornia","Other_Religions",0.00399415457960318
"1560","Dawson","Other_Religions",0.00377446810330531
"1561","Dickson","Other_Religions",0.005368718601377
"1562","Fadden","Other_Religions",0.00528300590039827
"1563","Fairfax","Other_Religions",0.00461348165910766
"1564","Fisher","Other_Religions",0.0042378235298402
"1565","Flynn","Other_Religions",0.00441833949635589
"1566","Forde","Other_Religions",0.00725511456421996
"1567","Griffith","Other_Religions",0.00912421402167441
"1568","Groom","Other_Religions",0.00532020891187775
"1569","Herbert","Other_Religions",0.00481880222711524
"1570","Hinkler","Other_Religions",0.00364108090390617
"1571","Kennedy","Other_Religions",0.0101419251144489
"1572","Leichhardt","Other_Religions",0.0112112098020734
"1573","Lilley","Other_Religions",0.0165598527114674
"1574","Longman","Other_Religions",0.00500641019951279
"1575","Maranoa","Other_Religions",0.00431443736348548
"1576","McPherson","Other_Religions",0.00502040990059364
"1577","Moncrieff","Other_Religions",0.00893398280786125
"1578","Moreton","Other_Religions",0.0221987734503626
"1579","Oxley","Other_Religions",0.0105447889172851
"1580","Petrie","Other_Religions",0.0096773052479328
"1581","Rankin","Other_Religions",0.0151140797512386
"1582","Ryan","Other_Religions",0.00545222773753529
"1583","Wide Bay","Other_Religions",0.00505211369707339
"1584","Wright","Other_Religions",0.00531843007538334
"1585","Adelaide","Other_Religions",0.0142251670047957
"1586","Barker","Other_Religions",0.00675573477001754
"1587","Boothby","Other_Religions",0.00760441385073038
"1588","Grey","Other_Religions",0.00519068987426104
"1589","Hindmarsh","Other_Religions",0.0142220748657779
"1590","Kingston","Other_Religions",0.00641614116371217
"1591","Makin","Other_Religions",0.0124202745067266
"1592","Mayo","Other_Religions",0.00454522512623475
"1593","Port Adelaide","Other_Religions",0.0117150601633785
"1594","Sturt","Other_Religions",0.0160694947725932
"1595","Wakefield","Other_Religions",0.00661069765707539
"1596","Brand","Other_Religions",0.00846178920269213
"1597","Burt","Other_Religions",0.0183903957487919
"1598","Canning","Other_Religions",0.00683470531936384
"1599","Cowan","Other_Religions",0.00938738499781858
"1600","Curtin","Other_Religions",0.00591251562603045
"1601","Durack","Other_Religions",0.00661846955035544
"1602","Forrest","Other_Religions",0.00479805399532087
"1603","Fremantle","Other_Religions",0.00699858508172798
"1604","Hasluck","Other_Religions",0.0096430625831372
"1605","Moore","Other_Religions",0.00527598122072453
"1606","O'Connor","Other_Religions",0.00608355240106394
"1607","Pearce","Other_Religions",0.0109757901813854
"1608","Perth","Other_Religions",0.00839899676490065
"1609","Stirling","Other_Religions",0.0144804504099627
"1610","Swan","Other_Religions",0.0155634656407457
"1611","Tangney","Other_Religions",0.00955611744004682
"1612","Bass","Other_Religions",0.00515829195019683
"1613","Braddon","Other_Religions",0.00343093629112367
"1614","Denison","Other_Religions",0.00725334254142108
"1615","Franklin","Other_Religions",0.00388716909002678
"1616","Lyons","Other_Religions",0.00365182005342551
"1617","Solomon","Other_Religions",0.00818433354722567
